AREA,SUB AREA,AGE GROUP,SEASON,WEEK,THRESHOLD,BASELINE,PERCENT I,PERCENT P&I,PERCENT PIC,NUM INFLUENZA DEATHS,NUM PNEUMONIA DEATHS,NUM COVID-19 DEATHS,TOTAL PIC,TOTAL DEATHS,PERCENT COMPLETE
National,,All,2023-24,40,5.7,5.4,,5.7,7.2,24,"3,226","1,343","4,083","56,726",> 100%
National,,All,2023-24,41,5.8,5.5,,5.9,7.3,34,"3,339","1,271","4,142","56,893",> 100%
National,,All,2023-24,42,5.9,5.6,,5.9,7.3,51,"3,264","1,328","4,142","56,655",> 100%
National,,All,2023-24,43,6,5.7,,6.1,7.5,44,"3,381","1,245","4,196","56,135",> 100%
National,,All,2023-24,44,6.1,5.8,,5.7,7.1,49,"3,126","1,183","3,942","55,680",> 100%
National,,All,2023-24,45,6.2,5.9,,6.2,7.6,54,"3,339","1,291","4,197","54,933",> 100%
National,,All,2023-24,46,6.3,6,,6.1,7.7,47,"2,969","1,197","3,771","49,206",> 100%
National,,All,2023-24,47,6.4,6.1,,6.1,7.6,61,"2,373",957,"3,001","39,732",83.5%
National,,All,2023-24,48,6.5,6.2,,6.9,8.8,56,"1,609",727,"2,122","23,997",50.4%
National,,All,2022-23,40,5.7,5.3,,6,8.5,28,"3,544","2,194","5,034","59,540",> 100%
National,,All,2022-23,41,5.7,5.4,,6.1,8.5,56,"3,560","2,147","5,084","59,716",> 100%
National,,All,2022-23,42,5.8,5.5,,6.5,8.9,57,"3,830","2,194","5,337","60,076",> 100%
National,,All,2022-23,43,5.9,5.6,,6.3,8.7,96,"3,665","2,242","5,239","60,011",> 100%
National,,All,2022-23,44,6,5.7,,6.4,8.9,156,"3,777","2,247","5,400","61,006",> 100%
National,,All,2022-23,45,6.1,5.8,,6.7,9.1,228,"3,859","2,201","5,573","61,029",> 100%
National,,All,2022-23,46,6.3,5.9,,6.8,9.3,258,"3,950","2,256","5,707","61,604",> 100%
National,,All,2022-23,47,6.4,6,,7.3,9.8,429,"4,310","2,497","6,353","64,609",> 100%
National,,All,2022-23,48,6.5,6.1,,8.4,10.9,851,"4,654","2,593","7,148","65,759",> 100%
National,,All,2022-23,49,6.6,6.2,,9,11.8,"1,026","4,976","3,035","7,900","66,997",> 100%
National,,All,2022-23,50,6.7,6.3,,9,12,"1,048","4,943","3,186","7,995","66,380",> 100%
National,,All,2022-23,51,6.8,6.4,,8.7,11.8,952,"4,993","3,318","8,014","67,947",> 100%
National,,All,2022-23,52,6.9,6.5,,9.1,12.4,991,"5,427","3,658","8,726","70,164",> 100%
National,,All,2022-23,1,6.9,6.6,,9.3,12.7,887,"5,508","3,866","8,766","68,935",> 100%
National,,All,2022-23,2,7,6.7,,8.8,12.1,628,"5,184","3,686","8,050","66,307",> 100%
National,,All,2022-23,3,7.1,6.7,,8.4,11.4,389,"5,005","3,242","7,334","64,113",> 100%
National,,All,2022-23,4,7.1,6.8,,7.8,10.7,273,"4,599","2,907","6,680","62,403",> 100%
National,,All,2022-23,5,7.2,6.8,,7.4,10,144,"4,469","2,639","6,282","62,691",> 100%
National,,All,2022-23,6,7.2,6.8,,7.1,9.4,114,"4,363","2,346","5,924","62,805",> 100%
National,,All,2022-23,7,7.2,6.9,,6.8,9,118,"4,101","2,099","5,538","61,684",> 100%
National,,All,2022-23,8,7.2,6.9,,6.8,8.9,77,"4,129","2,153","5,535","61,977",> 100%
National,,All,2022-23,9,7.2,6.8,,6.6,8.7,65,"3,996","1,992","5,321","61,253",> 100%
National,,All,2022-23,10,7.1,6.8,,6.6,8.5,55,"3,937","1,849","5,171","60,650",> 100%
National,,All,2022-23,11,7.1,6.8,,6.4,8.3,55,"3,832","1,762","5,054","60,943",> 100%
National,,All,2022-23,12,7.1,6.7,,6.5,8.3,53,"3,912","1,666","5,027","60,656",> 100%
National,,All,2022-23,13,7,6.7,,6.2,7.7,45,"3,666","1,443","4,631","60,031",> 100%
National,,All,2022-23,14,6.9,6.6,,6.3,7.8,45,"3,669","1,370","4,595","58,933",> 100%
National,,All,2022-23,15,6.8,6.5,,6.1,7.4,41,"3,585","1,216","4,413","59,525",> 100%
National,,All,2022-23,16,6.8,6.4,,6.4,7.7,34,"3,716","1,190","4,500","58,330",> 100%
National,,All,2022-23,17,6.7,6.3,,6.1,7.3,41,"3,502","1,022","4,182","57,676",> 100%
National,,All,2022-23,18,6.6,6.2,,5.8,6.9,36,"3,339",942,"3,972","57,919",> 100%
National,,All,2022-23,19,6.5,6.1,,5.9,6.8,37,"3,355",835,"3,922","57,690",> 100%
National,,All,2022-23,20,6.4,6,,5.7,6.6,33,"3,212",755,"3,711","56,524",> 100%
National,,All,2022-23,21,6.2,5.9,,5.9,6.7,34,"3,241",735,"3,731","55,615",> 100%
National,,All,2022-23,22,6.1,5.8,,5.6,6.4,41,"3,147",687,"3,645","56,703",> 100%
National,,All,2022-23,23,6,5.7,,5.7,6.4,30,"3,168",631,"3,614","56,160",> 100%
National,,All,2022-23,24,5.9,5.6,,5.3,6,29,"2,948",608,"3,368","56,169",> 100%
National,,All,2022-23,25,5.8,5.5,,5.6,6.2,28,"3,083",575,"3,464","55,665",> 100%
National,,All,2022-23,26,5.8,5.4,,5.2,5.8,23,"2,863",539,"3,244","55,586",> 100%
National,,All,2022-23,27,5.7,5.3,,5.3,5.8,32,"2,925",487,"3,263","55,797",> 100%
National,,All,2022-23,28,5.6,5.3,,5.2,5.8,21,"2,850",506,"3,192","55,419",> 100%
National,,All,2022-23,29,5.6,5.2,,5,5.6,15,"2,750",535,"3,127","55,504",> 100%
National,,All,2022-23,30,5.5,5.2,,5.1,5.7,12,"2,825",542,"3,175","55,445",> 100%
National,,All,2022-23,31,5.5,5.1,,5.3,6,28,"2,916",667,"3,347","55,844",> 100%
National,,All,2022-23,32,5.5,5.1,,5.3,6.1,19,"2,942",747,"3,424","56,373",> 100%
National,,All,2022-23,33,5.5,5.1,,5.4,6.4,22,"3,005",913,"3,583","56,183",> 100%
National,,All,2022-23,34,5.5,5.1,,5.5,6.7,22,"3,047","1,037","3,708","55,531",> 100%
National,,All,2022-23,35,5.5,5.1,,5.6,6.9,18,"3,107","1,175","3,824","55,666",> 100%
National,,All,2022-23,36,5.5,5.2,,5.8,7.2,31,"3,278","1,291","4,072","56,729",> 100%
National,,All,2022-23,37,5.5,5.2,,6,7.5,38,"3,342","1,387","4,210","55,970",> 100%
National,,All,2022-23,38,5.6,5.3,,5.8,7.3,25,"3,211","1,391","4,075","56,010",> 100%
National,,All,2022-23,39,5.7,5.3,,6,7.5,31,"3,342","1,418","4,226","56,142",> 100%
National,,All,2021-22,40,5.6,5.3,,14.2,20.6,20,"9,741","11,180","14,178","68,969",> 100%
National,,All,2021-22,41,5.7,5.4,,13.1,19.1,11,"8,853","9,878","12,866","67,422",> 100%
National,,All,2021-22,42,5.8,5.4,,12.4,17.8,15,"8,253","8,941","11,899","66,923",> 100%
National,,All,2021-22,43,5.9,5.5,,11.8,16.6,14,"7,788","7,960","11,034","66,321",> 100%
National,,All,2021-22,44,6,5.6,,11,15.6,7,"7,303","7,287","10,383","66,494",> 100%
National,,All,2021-22,45,6.1,5.7,,10.7,15.3,26,"7,204","7,159","10,274","67,323",> 100%
National,,All,2021-22,46,6.2,5.9,,11,15.7,16,"7,324","7,310","10,500","66,813",> 100%
National,,All,2021-22,47,6.3,6,,11.2,16.4,19,"7,590","7,886","11,100","67,820",> 100%
National,,All,2021-22,48,6.4,6.1,,11.9,17.4,37,"8,324","8,781","12,154","70,021",> 100%
National,,All,2021-22,49,6.5,6.2,,12.6,18.4,56,"8,985","9,734","13,211","71,984",> 100%
National,,All,2021-22,50,6.6,6.3,,13.2,19.2,58,"9,304","10,250","13,652","71,176",> 100%
National,,All,2021-22,51,6.7,6.4,,13.2,19.4,86,"9,418","10,457","14,022","72,134",> 100%
National,,All,2021-22,52,6.8,6.4,,13.7,20.8,152,"10,050","11,676","15,410","74,247",> 100%
National,,All,2021-22,1,6.8,6.5,,15.1,23.9,187,"11,813","15,123","19,048","79,663",> 100%
National,,All,2021-22,2,6.9,6.6,,16.1,26.8,141,"13,527","19,076","22,796","84,939",> 100%
National,,All,2021-22,3,7,6.6,,17,29.2,149,"14,394","21,328","24,929","85,506",> 100%
National,,All,2021-22,4,7,6.7,,16.9,28.8,93,"14,248","20,958","24,424","84,921",> 100%
National,,All,2021-22,5,7,6.7,,16.4,27.3,89,"13,232","18,753","22,178","81,198",> 100%
National,,All,2021-22,6,7.1,6.7,,14.5,23.9,85,"11,090","15,312","18,455","77,121",> 100%
National,,All,2021-22,7,7.1,6.7,,13,20.7,67,"9,146","11,563","14,668","70,885",> 100%
National,,All,2021-22,8,7.1,6.7,,11.2,17.2,65,"7,301","8,288","11,394","66,059",> 100%
National,,All,2021-22,9,7.1,6.7,,9.6,14.2,62,"6,113","6,041","9,127","64,399",> 100%
National,,All,2021-22,10,7,6.7,,7.9,11.7,65,"4,828","4,403","7,248","61,793",> 100%
National,,All,2021-22,11,7,6.7,,7.4,10.1,64,"4,403","3,123","6,137","60,517",> 100%
National,,All,2021-22,12,6.9,6.6,,6.9,9.3,84,"3,941","2,504","5,432","58,508",> 100%
National,,All,2021-22,13,6.9,6.5,,6.4,8.4,75,"3,616","1,907","4,846","57,990",> 100%
National,,All,2021-22,14,6.8,6.5,,5.9,7.7,95,"3,342","1,552","4,433","57,779",> 100%
National,,All,2021-22,15,6.7,6.4,,6.1,7.6,94,"3,414","1,409","4,408","57,774",> 100%
National,,All,2021-22,16,6.6,6.3,,6,7.5,105,"3,309","1,345","4,274","56,656",> 100%
National,,All,2021-22,17,6.5,6.2,,6,7.6,95,"3,321","1,426","4,341","57,277",> 100%
National,,All,2021-22,18,6.4,6.1,,5.8,7.5,82,"3,258","1,433","4,294","57,445",> 100%
National,,All,2021-22,19,6.3,6,,6,8,100,"3,382","1,675","4,604","57,852",> 100%
National,,All,2021-22,20,6.2,5.9,,6.3,8.3,89,"3,512","1,742","4,800","57,591",> 100%
National,,All,2021-22,21,6.1,5.8,,6,8.2,83,"3,366","1,940","4,698","57,033",> 100%
National,,All,2021-22,22,6,5.7,,6.3,8.6,83,"3,530","2,007","4,942","57,524",> 100%
National,,All,2021-22,23,5.9,5.6,,6.2,8.6,71,"3,525","2,139","4,987","58,003",> 100%
National,,All,2021-22,24,5.8,5.5,,6.3,8.8,74,"3,565","2,194","5,062","57,703",> 100%
National,,All,2021-22,25,5.7,5.4,,6.1,8.7,35,"3,507","2,328","5,053","58,237",> 100%
National,,All,2021-22,26,5.7,5.3,,6.1,8.8,40,"3,476","2,420","5,080","58,004",> 100%
National,,All,2021-22,27,5.6,5.2,,6.2,9.1,35,"3,589","2,588","5,285","58,110",> 100%
National,,All,2021-22,28,5.5,5.2,,6.2,9.5,17,"3,592","2,929","5,560","58,396",> 100%
National,,All,2021-22,29,5.5,5.1,,6.4,10,24,"3,810","3,227","5,984","59,725",> 100%
National,,All,2021-22,30,5.4,5.1,,6.5,10.3,23,"3,815","3,401","6,057","58,737",> 100%
National,,All,2021-22,31,5.4,5.1,,6.5,10.2,16,"3,810","3,372","6,048","59,158",> 100%
National,,All,2021-22,32,5.4,5,,6.6,10.2,15,"3,841","3,284","5,956","58,561",> 100%
National,,All,2021-22,33,5.4,5,,6.4,9.9,19,"3,732","3,166","5,789","58,408",> 100%
National,,All,2021-22,34,5.4,5,,6.4,9.7,14,"3,693","3,050","5,679","58,253",> 100%
National,,All,2021-22,35,5.4,5.1,,6.2,9.5,12,"3,573","2,926","5,487","58,051",> 100%
National,,All,2021-22,36,5.4,5.1,,6.2,9.4,19,"3,611","2,807","5,498","58,656",> 100%
National,,All,2021-22,37,5.5,5.1,,6.2,9.1,17,"3,595","2,512","5,270","58,219",> 100%
National,,All,2021-22,38,5.5,5.2,,6.1,9,20,"3,589","2,545","5,296","58,717",> 100%
National,,All,2021-22,39,5.6,5.2,,6.2,8.8,23,"3,578","2,376","5,138","58,518",> 100%
National,,All,2020-21,40,5.5,5.2,,8.1,11.8,8,"4,829","4,240","7,038","59,712",> 100%
National,,All,2020-21,41,5.6,5.3,,8.4,12.4,12,"5,186","4,813","7,644","61,672",> 100%
National,,All,2020-21,42,5.7,5.4,,8.7,13.2,16,"5,218","5,195","7,964","60,507",> 100%
National,,All,2020-21,43,5.8,5.4,,9.1,14.3,15,"5,646","5,990","8,898","62,093",> 100%
National,,All,2020-21,44,5.9,5.5,,9.7,15.7,21,"6,145","7,019","9,926","63,327",> 100%
National,,All,2020-21,45,6,5.6,,10.5,17.4,21,"7,090","8,754","11,771","67,473",> 100%
National,,All,2020-21,46,6.1,5.7,,11.8,19.9,20,"8,060","10,644","13,681","68,729",> 100%
National,,All,2020-21,47,6.2,5.8,,13.2,23,30,"9,419","13,343","16,460","71,539",> 100%
National,,All,2020-21,48,6.3,5.9,,14.3,25.4,27,"10,465","15,615","18,590","73,182",> 100%
National,,All,2020-21,49,6.4,6.1,,15.7,28.1,35,"12,071","18,545","21,746","77,275",> 100%
National,,All,2020-21,50,6.5,6.2,,16.2,29.5,29,"13,269","20,913","24,173","81,861",> 100%
National,,All,2020-21,51,6.6,6.2,,17.3,30.9,32,"14,293","22,313","25,611","82,800",> 100%
National,,All,2020-21,52,6.7,6.3,,17.7,31.7,32,"14,894","23,363","26,693","84,224",> 100%
National,,All,2020-21,53,6.7,6.4,,18.5,32.5,43,"16,037","24,845","28,270","86,858",> 100%
National,,All,2020-21,1,6.8,6.5,,19.4,33.8,32,"16,800","25,974","29,363","86,888",> 100%
National,,All,2020-21,2,6.9,6.5,,19.4,33.3,36,"16,884","25,692","29,070","87,232",> 100%
National,,All,2020-21,3,6.9,6.6,,18.9,32.2,31,"15,777","23,687","26,919","83,539",> 100%
National,,All,2020-21,4,7,6.6,,17.5,29.6,34,"13,832","20,322","23,376","79,051",> 100%
National,,All,2020-21,5,7,6.7,,16.1,26.4,28,"12,257","17,034","20,127","76,350",> 100%
National,,All,2020-21,6,7,6.7,,14.3,23.1,24,"10,202","13,519","16,474","71,387",> 100%
National,,All,2020-21,7,7,6.7,,12.9,20,15,"8,921","10,807","13,879","69,373",> 100%
National,,All,2020-21,8,7,6.7,,11.3,17.4,18,"7,520","8,654","11,583","66,619",> 100%
National,,All,2020-21,9,7,6.7,,10.4,15.2,26,"6,579","6,731","9,691","63,578",> 100%
National,,All,2020-21,10,7,6.6,,9.4,13.7,13,"5,769","5,725","8,480","61,752",> 100%
National,,All,2020-21,11,6.9,6.6,,8.8,12.7,6,"5,306","4,893","7,665","60,245",> 100%
National,,All,2020-21,12,6.9,6.5,,8.4,11.9,17,"5,088","4,461","7,244","60,712",> 100%
National,,All,2020-21,13,6.8,6.5,,8.2,11.7,17,"4,757","4,197","6,845","58,569",> 100%
National,,All,2020-21,14,6.7,6.4,,8.2,11.6,12,"4,954","4,313","7,046","60,884",> 100%
National,,All,2020-21,15,6.6,6.3,,8.4,11.9,7,"4,952","4,450","7,050","59,020",> 100%
National,,All,2020-21,16,6.5,6.2,,8.5,12.1,15,"5,122","4,600","7,286","60,147",> 100%
National,,All,2020-21,17,6.5,6.1,,8.2,11.4,6,"4,873","4,165","6,823","59,688",> 100%
National,,All,2020-21,18,6.4,6,,8.1,11.3,9,"4,771","4,006","6,634","58,890",> 100%
National,,All,2020-21,19,6.3,5.9,,7.8,10.6,10,"4,529","3,678","6,200","58,334",> 100%
National,,All,2020-21,20,6.1,5.8,,7.4,9.9,9,"4,350","3,238","5,818","58,634",> 100%
National,,All,2020-21,21,6,5.7,,7,9.2,5,"4,017","2,770","5,251","57,217",> 100%
National,,All,2020-21,22,5.9,5.6,,6.8,8.6,8,"3,883","2,347","4,911","57,352",> 100%
National,,All,2020-21,23,5.8,5.5,,6.6,8.2,6,"3,748","2,035","4,674","57,001",> 100%
National,,All,2020-21,24,5.7,5.4,,6.5,7.9,11,"3,691","1,776","4,504","57,106",> 100%
National,,All,2020-21,25,5.7,5.3,,6.1,7.5,8,"3,474","1,635","4,261","56,765",> 100%
National,,All,2020-21,26,5.6,5.2,,5.9,7.1,7,"3,384","1,543","4,104","57,403",> 100%
National,,All,2020-21,27,5.5,5.2,,6.2,7.5,3,"3,554","1,645","4,305","57,051",> 100%
National,,All,2020-21,28,5.4,5.1,,6.7,8.3,8,"3,833","1,991","4,747","57,061",> 100%
National,,All,2020-21,29,5.4,5.1,,7.3,9.3,9,"4,229","2,760","5,448","58,323",> 100%
National,,All,2020-21,30,5.3,5,,8.5,11.4,10,"5,094","4,105","6,875","60,182",> 100%
National,,All,2020-21,31,5.3,5,,10.3,14.6,11,"6,534","6,484","9,282","63,602",> 100%
National,,All,2020-21,32,5.3,5,,12.7,18.4,11,"8,489","9,406","12,285","66,880",> 100%
National,,All,2020-21,33,5.3,5,,14.6,21.6,11,"10,163","12,181","15,108","69,810",> 100%
National,,All,2020-21,34,5.3,5,,16,23.8,16,"11,500","14,174","17,132","71,976",> 100%
National,,All,2020-21,35,5.3,5,,16.8,25,32,"12,316","15,493","18,347","73,352",> 100%
National,,All,2020-21,36,5.4,5,,16.8,25,15,"12,325","15,418","18,362","73,565",> 100%
National,,All,2020-21,37,5.4,5.1,,16.7,25,17,"12,169","15,211","18,263","73,144",> 100%
National,,All,2020-21,38,5.5,5.1,,16,24.1,18,"11,511","14,347","17,345","72,034",> 100%
National,,All,2020-21,39,5.5,5.2,,15,22.2,19,"10,683","12,830","15,817","71,197",> 100%
National,,All,2019-20,40,5.6,5.3,,5.2,5.2,17,"2,714",0,"2,731","52,536",> 100%
National,,All,2019-20,41,5.7,5.3,,5.3,5.3,16,"2,782",0,"2,798","53,067",> 100%
National,,All,2019-20,42,5.8,5.4,,5.5,5.5,18,"2,992",0,"3,010","54,314",> 100%
National,,All,2019-20,43,5.8,5.5,,5.6,5.6,30,"2,995",0,"3,025","54,035",> 100%
National,,All,2019-20,44,5.9,5.6,,5.5,5.5,31,"2,928",0,"2,959","54,065",> 100%
National,,All,2019-20,45,6,5.7,,5.6,5.6,31,"3,081",0,"3,112","55,665",> 100%
National,,All,2019-20,46,6.1,5.8,,5.6,5.6,39,"3,106",0,"3,145","55,856",> 100%
National,,All,2019-20,47,6.2,5.9,,5.5,5.5,50,"3,014",0,"3,064","56,159",> 100%
National,,All,2019-20,48,6.4,6,,5.5,5.5,66,"2,996",0,"3,062","55,422",> 100%
National,,All,2019-20,49,6.5,6.1,,6,6,101,"3,329",0,"3,430","57,249",> 100%
National,,All,2019-20,50,6.5,6.2,,6.2,6.2,111,"3,480",0,"3,591","57,623",> 100%
National,,All,2019-20,51,6.6,6.3,,6.1,6.1,129,"3,392",0,"3,521","57,399",> 100%
National,,All,2019-20,52,6.7,6.4,,6.4,6.4,203,"3,539",0,"3,742","58,443",> 100%
National,,All,2019-20,1,6.8,6.5,,7.6,7.6,432,"4,102",0,"4,534","60,028",> 100%
National,,All,2019-20,2,6.9,6.5,,7.6,7.6,472,"4,137",1,"4,609","60,588",> 100%
National,,All,2019-20,3,6.9,6.6,,7.6,7.6,465,"4,057",2,"4,522","59,217",> 100%
National,,All,2019-20,4,7,6.7,,7.5,7.5,498,"3,905",3,"4,406","59,020",> 100%
National,,All,2019-20,5,7,6.7,,7.3,7.3,480,"3,810",0,"4,290","58,701",> 100%
National,,All,2019-20,6,7,6.7,,7.3,7.3,519,"3,816",4,"4,338","59,355",> 100%
National,,All,2019-20,7,7.1,6.7,,7.5,7.5,560,"3,839",6,"4,403","58,699",> 100%
National,,All,2019-20,8,7.1,6.7,,7.3,7.3,566,"3,711",6,"4,280","58,771",> 100%
National,,All,2019-20,9,7,6.7,,7.6,7.6,655,"3,837",9,"4,496","59,203",> 100%
National,,All,2019-20,10,7,6.7,,7.7,7.8,634,"3,976",38,"4,628","59,570",> 100%
National,,All,2019-20,11,7,6.7,,7.8,7.9,625,"3,971",60,"4,625","58,553",> 100%
National,,All,2019-20,12,6.9,6.6,,8.6,9.2,558,"4,543",586,"5,422","59,096",> 100%
National,,All,2019-20,13,6.9,6.5,,10.5,13.2,445,"6,169","3,211","8,319","62,873",> 100%
National,,All,2019-20,14,6.8,6.5,,14.4,21.5,476,"9,911","10,113","15,486","72,145",> 100%
National,,All,2019-20,15,6.7,6.4,,15.8,26.8,473,"11,988","16,306","21,178","78,946",> 100%
National,,All,2019-20,16,6.6,6.3,,15.2,27.8,263,"11,405","17,201","21,344","76,697",> 100%
National,,All,2019-20,17,6.5,6.2,,14.2,26.2,143,"10,369","15,525","19,325","73,774",> 100%
National,,All,2019-20,18,6.4,6.1,,13,24.1,66,"8,929","13,199","16,657","69,181",> 100%
National,,All,2019-20,19,6.3,6,,11.8,21.5,48,"7,825","11,223","14,370","66,709",> 100%
National,,All,2019-20,20,6.2,5.9,,10.6,19,22,"6,779","9,229","12,227","64,399",> 100%
National,,All,2019-20,21,6.1,5.8,,9.6,16.5,24,"5,894","7,228","10,161","61,520",> 100%
National,,All,2019-20,22,6,5.7,,8.9,15,12,"5,266","6,160","8,956","59,595",> 100%
National,,All,2019-20,23,5.9,5.6,,8.3,13.3,11,"4,895","5,046","7,799","58,804",> 100%
National,,All,2019-20,24,5.8,5.5,,7.9,11.9,11,"4,539","4,227","6,910","57,920",> 100%
National,,All,2019-20,25,5.7,5.4,,7.5,11.4,8,"4,363","3,844","6,611","57,904",> 100%
National,,All,2019-20,26,5.6,5.3,,7.3,11.2,12,"4,271","3,835","6,551","58,392",> 100%
National,,All,2019-20,27,5.6,5.2,,7.6,11.9,4,"4,559","4,540","7,097","59,702",> 100%
National,,All,2019-20,28,5.5,5.2,,9,13.9,10,"5,535","5,770","8,600","61,800",> 100%
National,,All,2019-20,29,5.4,5.1,,9.8,15.7,13,"6,182","7,166","9,915","62,998",> 100%
National,,All,2019-20,30,5.4,5,,10.6,17.2,11,"6,765","8,229","11,035","64,122",> 100%
National,,All,2019-20,31,5.3,5,,10.7,17.2,13,"6,840","8,285","11,058","64,121",> 100%
National,,All,2019-20,32,5.3,5,,10.7,16.8,10,"6,805","7,848","10,689","63,576",> 100%
National,,All,2019-20,33,5.3,5,,10.3,15.9,5,"6,508","7,248","10,084","63,511",> 100%
National,,All,2019-20,34,5.3,5,,9.6,14.6,12,"5,968","6,375","9,136","62,440",> 100%
National,,All,2019-20,35,5.3,5,,9.1,13.8,12,"5,541","5,739","8,404","60,980",> 100%
National,,All,2019-20,36,5.3,5,,8.7,12.8,9,"5,204","5,010","7,719","60,126",> 100%
National,,All,2019-20,37,5.4,5,,8.3,12.2,7,"4,942","4,618","7,272","59,548",> 100%
National,,All,2019-20,38,5.4,5.1,,8,11.7,5,"4,772","4,273","7,002","59,638",> 100%
National,,All,2019-20,39,5.5,5.1,,8.2,11.8,4,"4,933","4,296","7,117","60,506",> 100%
National,,All,2018-19,40,5.8,5.4,,5.7,5.7,10,"2,969",0,"2,979","52,357",> 100%
National,,All,2018-19,41,5.9,5.5,,5.5,5.5,12,"2,865",0,"2,877","51,849",> 100%
National,,All,2018-19,42,5.9,5.6,,5.7,5.7,18,"2,989",0,"3,007","52,979",> 100%
National,,All,2018-19,43,6,5.7,,5.7,5.7,24,"3,065",0,"3,089","53,763",> 100%
National,,All,2018-19,44,6.1,5.8,,5.6,5.6,25,"3,003",0,"3,028","53,638",> 100%
National,,All,2018-19,45,6.2,5.9,,5.7,5.7,30,"3,022",0,"3,052","53,561",> 100%
National,,All,2018-19,46,6.3,6,,5.8,5.8,26,"3,143",0,"3,169","54,698",> 100%
National,,All,2018-19,47,6.4,6.1,,5.9,5.9,31,"3,178",0,"3,209","54,847",> 100%
National,,All,2018-19,48,6.5,6.2,,6,6,38,"3,287",0,"3,325","55,060",> 100%
National,,All,2018-19,49,6.6,6.3,,6.2,6.2,56,"3,399",0,"3,455","55,967",> 100%
National,,All,2018-19,50,6.7,6.4,,6.4,6.4,51,"3,552",0,"3,603","56,387",> 100%
National,,All,2018-19,51,6.8,6.5,,6.3,6.3,88,"3,490",0,"3,578","56,528",> 100%
National,,All,2018-19,52,6.9,6.6,,6.7,6.7,141,"3,636",0,"3,777","56,026",> 100%
National,,All,2018-19,1,7,6.7,,7.1,7.1,211,"3,919",0,"4,130","58,285",> 100%
National,,All,2018-19,2,7.1,6.7,,7.4,7.4,259,"4,055",0,"4,314","58,350",> 100%
National,,All,2018-19,3,7.1,6.8,,7.5,7.5,246,"4,098",0,"4,344","58,206",> 100%
National,,All,2018-19,4,7.2,6.8,,7.2,7.2,276,"3,898",0,"4,174","57,892",> 100%
National,,All,2018-19,5,7.2,6.9,,7.3,7.3,327,"3,893",0,"4,220","58,137",> 100%
National,,All,2018-19,6,7.2,6.9,,7.3,7.3,367,"3,890",0,"4,257","58,513",> 100%
National,,All,2018-19,7,7.2,6.9,,7.6,7.6,483,"3,896",0,"4,379","57,988",> 100%
National,,All,2018-19,8,7.2,6.9,,7.7,7.7,474,"3,987",0,"4,461","57,984",> 100%
National,,All,2018-19,9,7.2,6.9,,7.4,7.4,516,"3,758",0,"4,274","57,957",> 100%
National,,All,2018-19,10,7.2,6.8,,7.3,7.3,543,"3,752",0,"4,295","58,529",> 100%
National,,All,2018-19,11,7.1,6.8,,7.8,7.8,511,"3,978",0,"4,489","57,893",> 100%
National,,All,2018-19,12,7.1,6.7,,7.5,7.5,480,"3,797",0,"4,277","57,077",> 100%
National,,All,2018-19,13,7,6.7,,7.4,7.4,459,"3,714",0,"4,173","56,661",> 100%
National,,All,2018-19,14,6.9,6.6,,7,7,339,"3,633",0,"3,972","56,588",> 100%
National,,All,2018-19,15,6.8,6.5,,6.8,6.8,303,"3,450",0,"3,753","55,477",> 100%
National,,All,2018-19,16,6.8,6.4,,6.6,6.6,202,"3,414",0,"3,616","54,458",> 100%
National,,All,2018-19,17,6.7,6.3,,6.4,6.4,156,"3,273",0,"3,429","53,644",> 100%
National,,All,2018-19,18,6.6,6.2,,6.2,6.2,97,"3,223",0,"3,320","53,971",> 100%
National,,All,2018-19,19,6.4,6.1,,6.2,6.2,68,"3,229",0,"3,297","53,454",> 100%
National,,All,2018-19,20,6.3,6,,6,6,50,"3,158",0,"3,208","53,563",> 100%
National,,All,2018-19,21,6.2,5.9,,5.9,5.9,30,"3,149",0,"3,179","53,679",> 100%
National,,All,2018-19,22,6.1,5.8,,6,6,29,"3,117",0,"3,146","52,709",> 100%
National,,All,2018-19,23,6,5.7,,5.8,5.8,21,"3,045",0,"3,066","53,124",> 100%
National,,All,2018-19,24,5.9,5.6,,5.6,5.6,16,"2,934",0,"2,950","52,633",> 100%
National,,All,2018-19,25,5.8,5.5,,5.7,5.7,13,"2,952",0,"2,965","52,272",> 100%
National,,All,2018-19,26,5.7,5.4,,5.6,5.6,15,"2,898",0,"2,913","52,186",> 100%
National,,All,2018-19,27,5.6,5.3,,5.5,5.5,13,"2,864",0,"2,877","52,331",> 100%
National,,All,2018-19,28,5.6,5.2,,5.4,5.4,11,"2,770",0,"2,781","51,911",> 100%
National,,All,2018-19,29,5.5,5.2,,5.2,5.2,5,"2,679",0,"2,684","51,636",> 100%
National,,All,2018-19,30,5.5,5.1,,5.4,5.4,8,"2,762",0,"2,770","51,645",> 100%
National,,All,2018-19,31,5.4,5.1,,5.3,5.3,6,"2,737",0,"2,743","51,397",> 100%
National,,All,2018-19,32,5.4,5,,5.1,5.1,7,"2,645",0,"2,652","51,728",> 100%
National,,All,2018-19,33,5.4,5,,5.1,5.1,8,"2,601",0,"2,609","50,984",> 100%
National,,All,2018-19,34,5.4,5,,5.1,5.1,6,"2,602",0,"2,608","50,999",> 100%
National,,All,2018-19,35,5.4,5,,5.1,5.1,13,"2,618",0,"2,631","51,143",> 100%
National,,All,2018-19,36,5.4,5.1,,5,5,12,"2,583",0,"2,595","51,805",> 100%
National,,All,2018-19,37,5.4,5.1,,4.9,4.9,16,"2,515",0,"2,531","51,610",> 100%
National,,All,2018-19,38,5.5,5.1,,5.3,5.3,14,"2,709",0,"2,723","51,741",> 100%
National,,All,2018-19,39,5.5,5.2,,5.3,5.3,16,"2,780",0,"2,796","52,740",> 100%
National,,All,2017-18,40,6.1,5.7,,5.8,5.8,16,"3,022",0,"3,038","52,110",> 100%
National,,All,2017-18,41,6.1,5.8,,5.9,5.9,18,"3,001",0,"3,019","51,578",> 100%
National,,All,2017-18,42,6.2,5.9,,6.1,6.1,28,"3,156",0,"3,184","52,228",> 100%
National,,All,2017-18,43,6.3,6,,6.3,6.3,23,"3,279",0,"3,302","52,548",> 100%
National,,All,2017-18,44,6.4,6.1,,6.1,6.1,36,"3,215",0,"3,251","53,679",> 100%
National,,All,2017-18,45,6.5,6.2,,6.1,6.1,45,"3,180",0,"3,225","53,258",> 100%
National,,All,2017-18,46,6.6,6.3,,6.3,6.3,50,"3,315",0,"3,365","53,771",> 100%
National,,All,2017-18,47,6.8,6.4,,6,6,48,"3,202",0,"3,250","54,120",> 100%
National,,All,2017-18,48,6.9,6.5,,6.5,6.5,83,"3,493",0,"3,576","54,760",> 100%
National,,All,2017-18,49,7,6.6,,6.6,6.6,118,"3,528",0,"3,646","55,595",> 100%
National,,All,2017-18,50,7.1,6.7,,6.8,6.8,165,"3,759",0,"3,924","57,370",> 100%
National,,All,2017-18,51,7.1,6.8,,7.3,7.3,359,"3,987",0,"4,346","59,505",> 100%
National,,All,2017-18,52,7.2,6.9,,8.3,8.3,671,"4,418",0,"5,089","61,090",> 100%
National,,All,2017-18,1,7.3,7,,9.6,9.6,"1,165","5,156",0,"6,321","66,134",> 100%
National,,All,2017-18,2,7.4,7,,10.5,10.5,"1,536","5,583",0,"7,119","67,495",> 100%
National,,All,2017-18,3,7.4,7.1,,10.9,10.9,"1,626","5,412",0,"7,038","64,646",> 100%
National,,All,2017-18,4,7.5,7.1,,10.6,10.6,"1,448","5,187",0,"6,635","62,780",> 100%
National,,All,2017-18,5,7.5,7.2,,10.2,10.2,"1,360","4,877",0,"6,237","60,974",> 100%
National,,All,2017-18,6,7.5,7.2,,9.7,9.7,"1,243","4,689",0,"5,932","61,110",> 100%
National,,All,2017-18,7,7.5,7.2,,9.7,9.7,"1,179","4,599",0,"5,778","59,779",> 100%
National,,All,2017-18,8,7.5,7.2,,9.2,9.2,892,"4,426",0,"5,318","57,793",> 100%
National,,All,2017-18,9,7.5,7.1,,8.4,8.4,738,"4,044",0,"4,782","56,692",> 100%
National,,All,2017-18,10,7.5,7.1,,8,8,507,"4,061",0,"4,568","57,093",> 100%
National,,All,2017-18,11,7.4,7.1,,7.6,7.6,444,"3,853",0,"4,297","56,326",> 100%
National,,All,2017-18,12,7.3,7,,7.4,7.4,345,"3,793",0,"4,138","55,766",> 100%
National,,All,2017-18,13,7.3,6.9,,7.4,7.4,284,"3,779",0,"4,063","54,918",> 100%
National,,All,2017-18,14,7.2,6.8,,7.2,7.2,300,"3,698",0,"3,998","55,294",> 100%
National,,All,2017-18,15,7.1,6.8,,6.9,6.9,214,"3,590",0,"3,804","55,228",> 100%
National,,All,2017-18,16,7,6.7,,6.6,6.6,153,"3,430",0,"3,583","54,038",> 100%
National,,All,2017-18,17,6.9,6.6,,6.5,6.5,119,"3,394",0,"3,513","53,727",> 100%
National,,All,2017-18,18,6.8,6.4,,6.1,6.1,106,"3,198",0,"3,304","53,741",> 100%
National,,All,2017-18,19,6.7,6.3,,5.9,5.9,53,"3,032",0,"3,085","52,105",> 100%
National,,All,2017-18,20,6.6,6.2,,5.9,5.9,43,"2,955",0,"2,998","50,618",> 100%
National,,All,2017-18,21,6.4,6.1,,5.8,5.8,26,"2,951",0,"2,977","50,929",> 100%
National,,All,2017-18,22,6.3,6,,5.7,5.7,26,"2,905",0,"2,931","51,045",> 100%
National,,All,2017-18,23,6.2,5.9,,5.6,5.6,14,"2,908",0,"2,922","52,001",> 100%
National,,All,2017-18,24,6.1,5.8,,5.7,5.7,14,"2,935",0,"2,949","51,387",> 100%
National,,All,2017-18,25,6,5.7,,5.6,5.6,7,"2,865",0,"2,872","51,044",> 100%
National,,All,2017-18,26,5.9,5.6,,5.7,5.7,9,"2,868",0,"2,877","50,855",> 100%
National,,All,2017-18,27,5.8,5.5,,5.4,5.4,10,"2,769",0,"2,779","51,684",> 100%
National,,All,2017-18,28,5.8,5.4,,5.4,5.4,5,"2,781",0,"2,786","51,191",> 100%
National,,All,2017-18,29,5.7,5.3,,5.4,5.4,8,"2,706",0,"2,714","50,609",> 100%
National,,All,2017-18,30,5.6,5.3,,5.4,5.4,12,"2,700",0,"2,712","50,274",> 100%
National,,All,2017-18,31,5.6,5.2,,5.3,5.3,4,"2,661",0,"2,665","50,637",> 100%
National,,All,2017-18,32,5.6,5.2,,5.3,5.3,10,"2,673",0,"2,683","50,967",> 100%
National,,All,2017-18,33,5.5,5.2,,5.2,5.2,5,"2,616",0,"2,621","50,301",> 100%
National,,All,2017-18,34,5.5,5.2,,5.4,5.4,10,"2,713",0,"2,723","50,459",> 100%
National,,All,2017-18,35,5.6,5.2,,5.2,5.2,6,"2,630",0,"2,636","50,611",> 100%
National,,All,2017-18,36,5.6,5.2,,5.5,5.5,6,"2,749",0,"2,755","50,299",> 100%
National,,All,2017-18,37,5.6,5.3,,5.4,5.4,8,"2,761",0,"2,769","51,083",> 100%
National,,All,2017-18,38,5.7,5.3,,5.5,5.5,11,"2,819",0,"2,830","51,583",> 100%
National,,All,2017-18,39,5.7,5.4,,5.5,5.5,14,"2,814",0,"2,828","50,959",> 100%
National,,All,2016-17,40,6.3,6,,5.9,5.9,18,"3,026",0,"3,044","51,411",> 100%
National,,All,2016-17,41,6.4,6.1,,6.1,6.1,11,"3,194",0,"3,205","52,143",> 100%
National,,All,2016-17,42,6.5,6.1,,6.2,6.2,7,"3,178",0,"3,185","51,460",> 100%
National,,All,2016-17,43,6.6,6.3,,6.1,6.1,17,"3,130",0,"3,147","51,876",> 100%
National,,All,2016-17,44,6.7,6.4,,6,6,16,"3,100",0,"3,116","51,767",> 100%
National,,All,2016-17,45,6.8,6.5,,6.1,6.1,19,"3,208",0,"3,227","52,542",> 100%
National,,All,2016-17,46,6.9,6.6,,6,6,7,"3,193",0,"3,200","53,464",> 100%
National,,All,2016-17,47,7.1,6.7,,6.2,6.2,22,"3,258",0,"3,280","53,169",> 100%
National,,All,2016-17,48,7.2,6.8,,6.5,6.5,34,"3,516",0,"3,550","54,607",> 100%
National,,All,2016-17,49,7.3,6.9,,6.6,6.6,33,"3,618",0,"3,651","55,169",> 100%
National,,All,2016-17,50,7.4,7,,6.8,6.8,46,"3,782",0,"3,828","56,020",> 100%
National,,All,2016-17,51,7.5,7.1,,6.8,6.8,92,"3,739",0,"3,831","56,754",> 100%
National,,All,2016-17,52,7.6,7.2,,7.4,7.4,157,"4,108",0,"4,265","57,655",> 100%
National,,All,2016-17,1,7.6,7.3,,8.1,8.1,289,"4,558",0,"4,847","59,763",> 100%
National,,All,2016-17,2,7.7,7.3,,8,8,368,"4,505",0,"4,873","60,980",> 100%
National,,All,2016-17,3,7.8,7.4,,8.4,8.4,373,"4,621",0,"4,994","59,293",> 100%
National,,All,2016-17,4,7.8,7.4,,8.3,8.3,367,"4,427",0,"4,794","58,047",> 100%
National,,All,2016-17,5,7.8,7.5,,8.2,8.2,351,"4,452",0,"4,803","58,432",> 100%
National,,All,2016-17,6,7.9,7.5,,8.2,8.2,419,"4,448",0,"4,867","59,038",> 100%
National,,All,2016-17,7,7.9,7.5,,8.5,8.5,545,"4,419",0,"4,964","58,479",> 100%
National,,All,2016-17,8,7.8,7.5,,8.5,8.5,605,"4,369",0,"4,974","58,288",> 100%
National,,All,2016-17,9,7.8,7.5,,8.4,8.4,534,"4,260",0,"4,794","57,256",> 100%
National,,All,2016-17,10,7.8,7.4,,8.2,8.2,472,"4,223",0,"4,695","57,477",> 100%
National,,All,2016-17,11,7.7,7.4,,7.9,7.9,376,"4,100",0,"4,476","56,656",> 100%
National,,All,2016-17,12,7.7,7.3,,7.7,7.7,319,"4,091",0,"4,410","57,045",> 100%
National,,All,2016-17,13,7.6,7.2,,7.6,7.6,333,"3,887",0,"4,220","55,703",> 100%
National,,All,2016-17,14,7.5,7.1,,7.4,7.4,266,"3,821",0,"4,087","55,159",> 100%
National,,All,2016-17,15,7.4,7,,7.3,7.3,208,"3,776",0,"3,984","54,861",> 100%
National,,All,2016-17,16,7.3,6.9,,6.9,6.9,162,"3,489",0,"3,651","53,070",> 100%
National,,All,2016-17,17,7.2,6.8,,6.7,6.7,90,"3,458",0,"3,548","53,295",> 100%
National,,All,2016-17,18,7.1,6.7,,6.4,6.4,63,"3,308",0,"3,371","52,657",> 100%
National,,All,2016-17,19,7,6.6,,6.3,6.3,50,"3,216",0,"3,266","51,985",> 100%
National,,All,2016-17,20,6.8,6.5,,6.2,6.2,53,"3,201",0,"3,254","52,480",> 100%
National,,All,2016-17,21,6.7,6.4,,6.1,6.1,24,"3,091",0,"3,115","50,972",> 100%
National,,All,2016-17,22,6.6,6.2,,5.9,5.9,23,"3,019",0,"3,042","51,256",> 100%
National,,All,2016-17,23,6.5,6.1,,6.1,6.1,17,"3,127",0,"3,144","51,418",> 100%
National,,All,2016-17,24,6.4,6,,6.1,6.1,19,"3,069",0,"3,088","50,797",> 100%
National,,All,2016-17,25,6.3,5.9,,5.9,5.9,15,"2,982",0,"2,997","51,195",> 100%
National,,All,2016-17,26,6.2,5.8,,5.9,5.9,10,"2,954",0,"2,964","50,617",> 100%
National,,All,2016-17,27,6.1,5.7,,5.6,5.6,18,"2,824",0,"2,842","50,959",> 100%
National,,All,2016-17,28,6,5.7,,6.1,6.1,4,"3,047",0,"3,051","49,973",> 100%
National,,All,2016-17,29,5.9,5.6,,5.5,5.5,10,"2,755",0,"2,765","50,127",> 100%
National,,All,2016-17,30,5.9,5.5,,5.8,5.8,3,"2,853",0,"2,856","49,362",> 100%
National,,All,2016-17,31,5.8,5.5,,5.4,5.4,4,"2,695",0,"2,699","50,087",> 100%
National,,All,2016-17,32,5.8,5.5,,5.4,5.4,6,"2,723",0,"2,729","50,237",> 100%
National,,All,2016-17,33,5.8,5.4,,5.4,5.4,11,"2,689",0,"2,700","50,185",> 100%
National,,All,2016-17,34,5.8,5.4,,5.6,5.6,7,"2,756",0,"2,763","49,517",> 100%
National,,All,2016-17,35,5.8,5.5,,5.4,5.4,7,"2,716",0,"2,723","50,832",> 100%
National,,All,2016-17,36,5.8,5.5,,5.6,5.6,12,"2,825",0,"2,837","50,981",> 100%
National,,All,2016-17,37,5.9,5.5,,5.9,5.9,7,"3,021",0,"3,028","51,694",> 100%
National,,All,2016-17,38,5.9,5.6,,5.8,5.8,16,"2,935",0,"2,951","51,230",> 100%
National,,All,2016-17,39,6,5.6,,5.7,5.7,19,"2,888",0,"2,907","51,343",> 100%
